{"cameraMode":{"drawMode":0,"name":"Shaded","section":"Shading Mode"},"sceneLighting":true,"audioPlay":false,"sceneViewState":{"showFog":true,"showMaterialUpdate":false,"showSkybox":true,"showFlares":true,"showImageEffects":true,"showParticleSystems":true},"in2DMode":false,"pivot":{"x":-6.883858680725098,"y":23.359371185302736,"z":-5.450422763824463},"rotation":{"x":0.15095987915992738,"y":-0.2742716073989868,"z":0.040619682520627978,"w":0.9492030143737793},"size":2.8578836917877199,"orthographic":false}