{"cameraMode":{"drawMode":0,"name":"Shaded","section":"Shading Mode"},"sceneLighting":false,"audioPlay":false,"sceneViewState":{"showFog":true,"showMaterialUpdate":false,"showSkybox":false,"showFlares":true,"showImageEffects":true,"showParticleSystems":true},"in2DMode":false,"pivot":{"x":-0.0936579704284668,"y":2.990000009536743,"z":0.0025691986083984377},"rotation":{"x":-0.23061595857143403,"y":0.7653941512107849,"z":-0.37706586718559267,"w":-0.46783921122550967},"size":19.023357391357423,"orthographic":false}