{"cameraMode":{"drawMode":0,"name":"Shaded","section":"Shading Mode"},"sceneLighting":false,"audioPlay":false,"sceneViewState":{"showFog":true,"showMaterialUpdate":false,"showSkybox":false,"showFlares":true,"showImageEffects":true,"showParticleSystems":true},"in2DMode":false,"pivot":{"x":24.5,"y":-0.4000000059604645,"z":16.299999237060548},"rotation":{"x":-0.03925890848040581,"y":0.9538900256156921,"z":-0.2598278820514679,"w":-0.14723068475723267},"size":321.1023864746094,"orthographic":false}