{"cameraMode":{"drawMode":0,"name":"Shaded","section":"Shading Mode"},"sceneLighting":false,"audioPlay":false,"sceneViewState":{"showFog":true,"showMaterialUpdate":false,"showSkybox":false,"showFlares":true,"showImageEffects":true,"showParticleSystems":true},"in2DMode":false,"pivot":{"x":-1.937999963760376,"y":15.214200019836426,"z":-3.936800003051758},"rotation":{"x":0.04865703359246254,"y":-0.901559054851532,"z":0.41815853118896487,"w":0.1025443822145462},"size":7.005518913269043,"orthographic":false}