{"cameraMode":{"drawMode":0,"name":"Shaded","section":"Shading Mode"},"sceneLighting":false,"audioPlay":false,"sceneViewState":{"showFog":true,"showMaterialUpdate":false,"showSkybox":false,"showFlares":true,"showImageEffects":true,"showParticleSystems":true},"in2DMode":false,"pivot":{"x":-0.44384634494781496,"y":15.473681449890137,"z":-1.5594329833984376},"rotation":{"x":0.22287127375602723,"y":-0.6494420170783997,"z":0.20617850124835969,"w":0.6975491046905518},"size":4.768828868865967,"orthographic":false}