{"cameraMode":{"drawMode":0,"name":"Shaded","section":"Shading Mode"},"sceneLighting":true,"audioPlay":false,"sceneViewState":{"showFog":true,"showMaterialUpdate":false,"showSkybox":false,"showFlares":true,"showImageEffects":true,"showParticleSystems":true},"in2DMode":false,"pivot":{"x":5.112917423248291,"y":1.0886712074279786,"z":-7.0531086921691898},"rotation":{"x":-0.16195955872535706,"y":0.6929658055305481,"z":-0.16430841386318208,"w":-0.6830595135688782},"size":3.3905837535858156,"orthographic":false}