{"cameraMode":{"drawMode":0,"name":"Shaded","section":"Shading Mode"},"sceneLighting":true,"audioPlay":false,"sceneViewState":{"showFog":true,"showMaterialUpdate":false,"showSkybox":false,"showFlares":true,"showImageEffects":true,"showParticleSystems":true},"in2DMode":false,"pivot":{"x":121.26315307617188,"y":755.8736572265625,"z":0.0},"rotation":{"x":0.028493916615843774,"y":-0.013494803570210934,"z":0.00038060263614170253,"w":0.9995052814483643},"size":291.35809326171877,"orthographic":true}