{"cameraMode":{"drawMode":0,"name":"Shaded","section":"Shading Mode"},"sceneLighting":true,"audioPlay":false,"sceneViewState":{"showFog":true,"showMaterialUpdate":false,"showSkybox":false,"showFlares":true,"showImageEffects":true,"showParticleSystems":true},"in2DMode":false,"pivot":{"x":31.473175048828126,"y":255.59454345703126,"z":0.0},"rotation":{"x":0.001499756588600576,"y":0.017999008297920228,"z":-0.00002699853212106973,"w":0.9998368620872498},"size":99.45542907714844,"orthographic":true}