{"cameraMode":{"drawMode":0,"name":"Shaded","section":"Shading Mode"},"sceneLighting":true,"audioPlay":false,"sceneViewState":{"showFog":true,"showMaterialUpdate":false,"showSkybox":false,"showFlares":true,"showImageEffects":true,"showParticleSystems":true},"in2DMode":false,"pivot":{"x":-55.80999755859375,"y":12.912469863891602,"z":2.983896255493164},"rotation":{"x":0.17596741020679475,"y":-0.410754919052124,"z":0.08112458139657974,"w":0.8909204602241516},"size":3.8315680027008058,"orthographic":true}