{"cameraMode":{"drawMode":0,"name":"Shaded","section":"Shading Mode"},"sceneLighting":true,"audioPlay":false,"sceneViewState":{"showFog":true,"showMaterialUpdate":false,"showSkybox":false,"showFlares":true,"showImageEffects":true,"showParticleSystems":true},"in2DMode":false,"pivot":{"x":1532.85595703125,"y":889.9200439453125,"z":0.0},"rotation":{"x":0.07254832983016968,"y":-0.0015206881798803807,"z":0.00008252647239714861,"w":0.9973841905593872},"size":117.6059799194336,"orthographic":false}