{"cameraMode":{"drawMode":0,"name":"Shaded","section":"Shading Mode"},"sceneLighting":false,"audioPlay":false,"sceneViewState":{"showFog":true,"showMaterialUpdate":false,"showSkybox":false,"showFlares":true,"showImageEffects":true,"showParticleSystems":true},"in2DMode":false,"pivot":{"x":531.0076904296875,"y":672.9640502929688,"z":-4.302459716796875},"rotation":{"x":-0.009308183565735817,"y":-0.015901437029242517,"z":0.00014827957784291357,"w":-0.9998319745063782},"size":364.1737060546875,"orthographic":false}