{"cameraMode":{"drawMode":0,"name":"Shaded","section":"Shading Mode"},"sceneLighting":true,"audioPlay":false,"sceneViewState":{"showFog":true,"showMaterialUpdate":false,"showSkybox":false,"showFlares":true,"showImageEffects":true,"showParticleSystems":true},"in2DMode":false,"pivot":{"x":36.09661102294922,"y":22.33523941040039,"z":80.27113342285156},"rotation":{"x":-0.057333946228027347,"y":0.904059886932373,"z":-0.12832053005695344,"w":-0.4036865830421448},"size":32.77055740356445,"orthographic":false}