{"cameraMode":{"drawMode":0,"name":"Shaded","section":"Shading Mode"},"sceneLighting":true,"audioPlay":false,"sceneViewState":{"showFog":true,"showMaterialUpdate":false,"showSkybox":false,"showFlares":true,"showImageEffects":true,"showParticleSystems":true},"in2DMode":false,"pivot":{"x":492.045166015625,"y":321.85919189453127,"z":-17.117359161376954},"rotation":{"x":-0.006307246163487434,"y":-0.026399219408631326,"z":0.00016680825501680374,"w":-0.9996333122253418},"size":795.77685546875,"orthographic":false}