{"cameraMode":{"drawMode":0,"name":"Shaded","section":"Shading Mode"},"sceneLighting":true,"audioPlay":false,"sceneViewState":{"showFog":true,"showMaterialUpdate":false,"showSkybox":false,"showFlares":true,"showImageEffects":true,"showParticleSystems":true},"in2DMode":false,"pivot":{"x":-203.05076599121095,"y":43.231178283691409,"z":-18.83119010925293},"rotation":{"x":-0.2845277786254883,"y":0.02534298039972782,"z":-0.007494560442864895,"w":-0.9583250284194946},"size":-12.903542518615723,"orthographic":false}