{"cameraMode":{"drawMode":0,"name":"Shaded","section":"Shading Mode"},"sceneLighting":true,"audioPlay":false,"sceneViewState":{"showFog":true,"showMaterialUpdate":false,"showSkybox":false,"showFlares":true,"showImageEffects":true,"showParticleSystems":true},"in2DMode":false,"pivot":{"x":-56.400001525878909,"y":16.229999542236329,"z":42.20000076293945},"rotation":{"x":0.07213275134563446,"y":-0.7614175081253052,"z":0.08602243661880493,"w":0.6384697556495667},"size":27.42398452758789,"orthographic":true}