{"cameraMode":{"drawMode":0,"name":"Shaded","section":"Shading Mode"},"sceneLighting":true,"audioPlay":false,"sceneViewState":{"showFog":true,"showMaterialUpdate":false,"showSkybox":false,"showFlares":true,"showImageEffects":true,"showParticleSystems":true},"in2DMode":false,"pivot":{"x":-37.470703125,"y":26.98681640625,"z":47.84619140625},"rotation":{"x":0.08636303246021271,"y":-0.7810620665550232,"z":0.11086525768041611,"w":0.6084374189376831},"size":9.082627296447754,"orthographic":true}