{"cameraMode":{"drawMode":0,"name":"Shaded","section":"Shading Mode"},"sceneLighting":true,"audioPlay":false,"sceneViewState":{"showFog":true,"showMaterialUpdate":false,"showSkybox":false,"showFlares":true,"showImageEffects":true,"showParticleSystems":true},"in2DMode":false,"pivot":{"x":-51.923828125,"y":30.93359375,"z":65.475341796875},"rotation":{"x":0.08636303246021271,"y":-0.7810620665550232,"z":0.11086525768041611,"w":0.6084374189376831},"size":7.739116668701172,"orthographic":true}