{"cameraMode":{"drawMode":0,"name":"Shaded","section":"Shading Mode"},"sceneLighting":true,"audioPlay":false,"sceneViewState":{"showFog":true,"showMaterialUpdate":false,"showSkybox":false,"showFlares":true,"showImageEffects":true,"showParticleSystems":true},"in2DMode":false,"pivot":{"x":-9.211036682128907,"y":75.71875,"z":47.59375},"rotation":{"x":0.451907753944397,"y":-0.00027657850296236575,"z":0.00015147523663472384,"w":0.8920739889144898},"size":141.06512451171876,"orthographic":true}