{"cameraMode":{"drawMode":0,"name":"Shaded","section":"Shading Mode"},"sceneLighting":true,"audioPlay":false,"sceneViewState":{"showFog":true,"showMaterialUpdate":false,"showSkybox":false,"showFlares":true,"showImageEffects":true,"showParticleSystems":true},"in2DMode":false,"pivot":{"x":-1.3001718521118165,"y":12.684864044189454,"z":4.652924537658691},"rotation":{"x":0.1584801971912384,"y":0.7606281042098999,"z":-0.2021888643503189,"w":0.5962010025978088},"size":9.718461036682129,"orthographic":false}