{"cameraMode":{"drawMode":0,"name":"Shaded","section":"Shading Mode"},"sceneLighting":false,"audioPlay":false,"sceneViewState":{"showFog":true,"showMaterialUpdate":false,"showSkybox":false,"showFlares":true,"showImageEffects":true,"showParticleSystems":true},"in2DMode":false,"pivot":{"x":-1.1303378343582154,"y":1.655969500541687,"z":0.061374932527542117},"rotation":{"x":0.004840645473450422,"y":0.7643154859542847,"z":-0.005729359108954668,"w":0.6448141932487488},"size":1.569136142730713,"orthographic":false}