{"cameraMode":{"drawMode":0,"name":"Shaded","section":"Shading Mode"},"sceneLighting":true,"audioPlay":false,"sceneViewState":{"showFog":true,"showMaterialUpdate":false,"showSkybox":false,"showFlares":true,"showImageEffects":true,"showParticleSystems":true},"in2DMode":false,"pivot":{"x":-153.70643615722657,"y":17.069093704223634,"z":1.4617843627929688},"rotation":{"x":-0.1240459531545639,"y":0.18582552671432496,"z":-0.02362261340022087,"w":-0.9744560718536377},"size":90.73783874511719,"orthographic":false}