{"cameraMode":{"drawMode":0,"name":"Shaded","section":"Shading Mode"},"sceneLighting":false,"audioPlay":false,"sceneViewState":{"showFog":true,"showMaterialUpdate":false,"showSkybox":false,"showFlares":true,"showImageEffects":true,"showParticleSystems":true},"in2DMode":false,"pivot":{"x":233.46478271484376,"y":206.34706115722657,"z":14.0335693359375},"rotation":{"x":-0.009308183565735817,"y":-0.015901437029242517,"z":0.00014827957784291357,"w":-0.9998319745063782},"size":392.447021484375,"orthographic":false}