{"cameraMode":{"drawMode":0,"name":"Shaded","section":"Shading Mode"},"sceneLighting":false,"audioPlay":false,"sceneViewState":{"showFog":true,"showMaterialUpdate":false,"showSkybox":false,"showFlares":true,"showImageEffects":true,"showParticleSystems":true},"in2DMode":false,"pivot":{"x":3.0586485862731935,"y":1.1861692667007447,"z":-3.3989791870117189},"rotation":{"x":-0.16195955872535706,"y":0.6929658055305481,"z":-0.16430841386318208,"w":-0.6830595135688782},"size":3.811500310897827,"orthographic":false}