{"cameraMode":{"drawMode":0,"name":"Shaded","section":"Shading Mode"},"sceneLighting":false,"audioPlay":false,"sceneViewState":{"showFog":true,"showMaterialUpdate":false,"showSkybox":false,"showFlares":true,"showImageEffects":true,"showParticleSystems":true},"in2DMode":false,"pivot":{"x":907.4453735351563,"y":949.7884521484375,"z":-47.39393997192383},"rotation":{"x":-0.009308183565735817,"y":-0.015901437029242517,"z":0.00014827957784291357,"w":-0.9998319745063782},"size":155.42681884765626,"orthographic":false}