{"cameraMode":{"drawMode":0,"name":"Shaded","section":"Shading Mode"},"sceneLighting":true,"audioPlay":false,"sceneViewState":{"showFog":true,"showMaterialUpdate":false,"showSkybox":false,"showFlares":true,"showImageEffects":true,"showParticleSystems":true},"in2DMode":false,"pivot":{"x":166.66754150390626,"y":893.442626953125,"z":8.219084739685059},"rotation":{"x":-0.15834391117095948,"y":-0.0026314870920032264,"z":0.00045185594353824854,"w":-0.9874007701873779},"size":415.410400390625,"orthographic":false}