{"cameraMode":{"drawMode":0,"name":"Shaded","section":"Shading Mode"},"sceneLighting":true,"audioPlay":false,"sceneViewState":{"showFog":true,"showMaterialUpdate":false,"showSkybox":false,"showFlares":true,"showImageEffects":true,"showParticleSystems":true},"in2DMode":false,"pivot":{"x":-0.29969239234924319,"y":-0.6351287364959717,"z":2.4749202728271486},"rotation":{"x":-0.06924866884946823,"y":0.012566786259412766,"z":-0.0008723929640837014,"w":-0.9975205659866333},"size":11.664949417114258,"orthographic":false}