{"cameraMode":{"drawMode":0,"name":"Shaded","section":"Shading Mode"},"sceneLighting":true,"audioPlay":false,"sceneViewState":{"showFog":true,"showMaterialUpdate":false,"showSkybox":false,"showFlares":true,"showImageEffects":true,"showParticleSystems":true},"in2DMode":false,"pivot":{"x":301.71771240234377,"y":744.274658203125,"z":-5.62933349609375},"rotation":{"x":-0.006307246163487434,"y":-0.026399219408631326,"z":0.00016680825501680374,"w":-0.9996333122253418},"size":626.1434936523438,"orthographic":false}