{"cameraMode":{"drawMode":0,"name":"Shaded","section":"Shading Mode"},"sceneLighting":true,"audioPlay":false,"sceneViewState":{"showFog":true,"showMaterialUpdate":false,"showSkybox":false,"showFlares":true,"showImageEffects":true,"showParticleSystems":true},"in2DMode":false,"pivot":{"x":1070.139404296875,"y":358.3591613769531,"z":44.39374542236328},"rotation":{"x":-0.22621266543865205,"y":-0.03155653551220894,"z":0.007332447450608015,"w":-0.9735392928123474},"size":526.9589233398438,"orthographic":false}