{"cameraMode":{"drawMode":0,"name":"Shaded","section":"Shading Mode"},"sceneLighting":true,"audioPlay":false,"sceneViewState":{"showFog":true,"showMaterialUpdate":false,"showSkybox":false,"showFlares":true,"showImageEffects":true,"showParticleSystems":true},"in2DMode":false,"pivot":{"x":38.65277862548828,"y":-21.63927459716797,"z":7.046299934387207},"rotation":{"x":0.289988249540329,"y":-0.6205660104751587,"z":0.2467891275882721,"w":0.6874005198478699},"size":122.65033721923828,"orthographic":false}