{"cameraMode":{"drawMode":0,"name":"Shaded","section":"Shading Mode"},"sceneLighting":true,"audioPlay":false,"sceneViewState":{"showFog":true,"showMaterialUpdate":false,"showSkybox":false,"showFlares":true,"showImageEffects":true,"showParticleSystems":true},"in2DMode":false,"pivot":{"x":-192.9988555908203,"y":31.91993522644043,"z":-2.0821447372436525},"rotation":{"x":-0.1447741985321045,"y":-0.498430073261261,"z":0.08486898988485336,"w":-0.8505565524101257},"size":12.903542518615723,"orthographic":false}