{"cameraMode":{"drawMode":0,"name":"Shaded","section":"Shading Mode"},"sceneLighting":true,"audioPlay":false,"sceneViewState":{"showFog":true,"showMaterialUpdate":false,"showSkybox":false,"showFlares":true,"showImageEffects":true,"showParticleSystems":true},"in2DMode":false,"pivot":{"x":-1.6534833908081055,"y":12.234209060668946,"z":8.709820747375489},"rotation":{"x":0.10801614075899124,"y":0.038756754249334338,"z":-0.004214652348309755,"w":0.9933871626853943},"size":106.0091781616211,"orthographic":false}