{"cameraMode":{"drawMode":0,"name":"Shaded","section":"Shading Mode"},"sceneLighting":true,"audioPlay":false,"sceneViewState":{"showFog":true,"showMaterialUpdate":false,"showSkybox":false,"showFlares":true,"showImageEffects":true,"showParticleSystems":true},"in2DMode":false,"pivot":{"x":132.68353271484376,"y":119.5015869140625,"z":-99.43873596191406},"rotation":{"x":-0.39291611313819888,"y":-0.006347303744405508,"z":0.002712596207857132,"w":-0.9195511341094971},"size":328.4700012207031,"orthographic":false}