{"cameraMode":{"drawMode":0,"name":"Shaded","section":"Shading Mode"},"sceneLighting":true,"audioPlay":false,"sceneViewState":{"showFog":true,"showMaterialUpdate":false,"showSkybox":false,"showFlares":true,"showImageEffects":true,"showParticleSystems":true},"in2DMode":false,"pivot":{"x":0.39893072843551638,"y":2.7008018493652345,"z":-0.9171819686889648},"rotation":{"x":-0.13935475051403047,"y":-0.0008939301478676498,"z":0.00012604672519955784,"w":-0.9902438521385193},"size":18.16750144958496,"orthographic":false}