{"cameraMode":{"drawMode":0,"name":"Shaded","section":"Shading Mode"},"sceneLighting":true,"audioPlay":false,"sceneViewState":{"showFog":true,"showMaterialUpdate":false,"showSkybox":false,"showFlares":true,"showImageEffects":true,"showParticleSystems":true},"in2DMode":false,"pivot":{"x":396.2875061035156,"y":217.2425079345703,"z":-6.752983093261719},"rotation":{"x":-0.014999372884631157,"y":0.002999658463522792,"z":0.00004499825809034519,"w":0.9998830556869507},"size":106.98148345947266,"orthographic":false}