{"cameraMode":{"drawMode":0,"name":"Shaded","section":"Shading Mode"},"sceneLighting":false,"audioPlay":false,"sceneViewState":{"showFog":true,"showMaterialUpdate":false,"showSkybox":false,"showFlares":true,"showImageEffects":true,"showParticleSystems":true},"in2DMode":false,"pivot":{"x":151.0610809326172,"y":126.97062683105469,"z":-9.077239990234375},"rotation":{"x":-0.006307246163487434,"y":-0.026399219408631326,"z":0.00016680825501680374,"w":-0.9996333122253418},"size":333.728515625,"orthographic":false}