{"cameraMode":{"drawMode":0,"name":"Shaded","section":"Shading Mode"},"sceneLighting":true,"audioPlay":false,"sceneViewState":{"showFog":true,"showMaterialUpdate":false,"showSkybox":false,"showFlares":true,"showImageEffects":true,"showParticleSystems":true},"in2DMode":false,"pivot":{"x":0.7587366700172424,"y":4.585427761077881,"z":-4.795441150665283},"rotation":{"x":0.033963896334171298,"y":0.4066549241542816,"z":0.015130775980651379,"w":-0.9128258228302002},"size":9.135368347167969,"orthographic":false}
