{"cameraMode":{"drawMode":0,"name":"Shaded","section":"Shading Mode"},"sceneLighting":false,"audioPlay":false,"sceneViewState":{"showFog":true,"showMaterialUpdate":false,"showSkybox":false,"showFlares":true,"showImageEffects":true,"showParticleSystems":true},"in2DMode":false,"pivot":{"x":226.28982543945313,"y":207.3723602294922,"z":14.204010009765625},"rotation":{"x":-0.0078093018382787708,"y":-0.005402585957199335,"z":0.00004243334842612967,"w":-0.9999566078186035},"size":341.81500244140627,"orthographic":false}