{"cameraMode":{"drawMode":0,"name":"Shaded","section":"Shading Mode"},"sceneLighting":false,"audioPlay":false,"sceneViewState":{"showFog":true,"showMaterialUpdate":false,"showSkybox":false,"showFlares":true,"showImageEffects":true,"showParticleSystems":true},"in2DMode":false,"pivot":{"x":90.01178741455078,"y":938.0731811523438,"z":37.99634552001953},"rotation":{"x":-0.006307246163487434,"y":-0.026399219408631326,"z":0.00016680825501680374,"w":-0.9996333122253418},"size":349.83465576171877,"orthographic":true}