{"cameraMode":{"drawMode":0,"name":"Shaded","section":"Shading Mode"},"sceneLighting":true,"audioPlay":false,"sceneViewState":{"showFog":true,"showMaterialUpdate":false,"showSkybox":false,"showFlares":true,"showImageEffects":true,"showParticleSystems":true},"in2DMode":false,"pivot":{"x":215.78738403320313,"y":273.1087341308594,"z":-3.132742404937744},"rotation":{"x":-0.006307246163487434,"y":-0.026399219408631326,"z":0.00016680825501680374,"w":-0.9996333122253418},"size":453.321044921875,"orthographic":false}