{"cameraMode":{"drawMode":0,"name":"Shaded","section":"Shading Mode"},"sceneLighting":true,"audioPlay":false,"sceneViewState":{"showFog":true,"showMaterialUpdate":false,"showSkybox":false,"showFlares":true,"showImageEffects":true,"showParticleSystems":true},"in2DMode":false,"pivot":{"x":-1.495617389678955,"y":13.799922943115235,"z":4.118876934051514},"rotation":{"x":-0.27913910150527956,"y":0.2254524827003479,"z":-0.06759927421808243,"w":-0.9309619069099426},"size":9.988895416259766,"orthographic":false}