{"cameraMode":{"drawMode":0,"name":"Shaded","section":"Shading Mode"},"sceneLighting":true,"audioPlay":false,"sceneViewState":{"showFog":true,"showMaterialUpdate":false,"showSkybox":false,"showFlares":true,"showImageEffects":true,"showParticleSystems":true},"in2DMode":false,"pivot":{"x":-5.2744140625,"y":-1.4853515625,"z":-3.5908203125},"rotation":{"x":0.41677871346473696,"y":-0.0013638974633067847,"z":0.0006250615697354078,"w":0.9090087413787842},"size":109.50696563720703,"orthographic":true}